reactor_name,iso_region,data_hours,filename,grid_output_mean_MW,grid_output_std_MW,grid_output_min_MW,grid_output_max_MW,grid_output_range_MW,grid_output_cv,max_ramp_up_MW_hr,max_ramp_down_MW_hr,avg_ramp_rate_MW_hr,ramp_events_count,turbine_output_range_MW,turbine_max_ramp_MW_hr,turbine_flexibility_factor,electrolyzer_capacity_factor,electrolyzer_on_hours,electrolyzer_off_hours,electrolyzer_cycling_frequency,RegUp_provision_frequency,RegUp_avg_bid_MW,RegUp_max_bid_MW,RegUp_total_bid_MWh,RegUp_bid_variability,RegUp_avg_consecutive_hours,RegUp_max_consecutive_hours,RegUp_deployment_frequency,RegUp_avg_deployed_MW,RegUp_max_deployed_MW,RegDown_provision_frequency,RegDown_avg_bid_MW,RegDown_max_bid_MW,RegDown_total_bid_MWh,RegDown_bid_variability,RegDown_avg_consecutive_hours,RegDown_max_consecutive_hours,RegDown_deployment_frequency,RegDown_avg_deployed_MW,RegDown_max_deployed_MW,service_diversity_count,service_diversity_ratio,energy_revenue_total,energy_revenue_avg_hourly,energy_revenue_variability,hydrogen_sales_revenue_total,hydrogen_sales_revenue_avg_hourly,hydrogen_sales_revenue_variability,hydrogen_subsidy_revenue_total,hydrogen_subsidy_revenue_avg_hourly,hydrogen_subsidy_revenue_variability,hydrogen_revenue_total,hydrogen_revenue_avg_hourly,hydrogen_revenue_variability,ancillary_revenue_total,ancillary_revenue_avg_hourly,ancillary_revenue_variability,total_revenue_total,total_revenue_avg_hourly,total_revenue_variability,ancillary_revenue_share,vom_turbine_cost_total,vom_turbine_cost_avg_hourly,vom_electrolyzer_cost_total,vom_electrolyzer_cost_avg_hourly,vom_battery_cost_total,vom_battery_cost_avg_hourly,water_cost_total,water_cost_avg_hourly,ramping_cost_total,ramping_cost_avg_hourly,storage_cycle_cost_total,storage_cycle_cost_avg_hourly,startup_cost_total,startup_cost_avg_hourly,hourlyopex_total_cost_total,hourlyopex_total_cost_avg_hourly,profit_total,profit_avg_hourly,profit_volatility,profitable_hours,profit_margin,h2_storage_utilization,h2_storage_cycling_frequency,battery_utilization,battery_cycling_frequency,electrolyzer_tracking_accuracy,overall_flexibility_score,ECRS_provision_frequency,ECRS_avg_bid_MW,ECRS_max_bid_MW,ECRS_total_bid_MWh,ECRS_bid_variability,ECRS_avg_consecutive_hours,ECRS_max_consecutive_hours,ECRS_deployment_frequency,ECRS_avg_deployed_MW,ECRS_max_deployed_MW,UncU_provision_frequency,UncU_avg_bid_MW,UncU_max_bid_MW,UncU_total_bid_MWh,UncU_bid_variability,UncU_avg_consecutive_hours,UncU_max_consecutive_hours,UncU_deployment_frequency,UncU_avg_deployed_MW,UncU_max_deployed_MW
Calvert Cliffs Nuclear Power Plant 1,PJM,8760,Calvert Cliffs Nuclear Power Plant_1_PJM_10_hourly_results,711.4954738584473,29.579514383545643,702.9005,819.3643,116.46379999999999,0.04157372108516113,116.46379999999999,116.45760000000007,12.129635803173882,964,7.007799999999975,7.007799999999975,0.007681632832025228,0.960094855479452,8760,0,0.13162100456621004,1.0,36.00193271689497,162.7362,315376.93059999996,1.007789043837265,8760.0,8760.0,1.0,9.406846472602739,53.3562,1.0,36.00193271689497,162.7362,315376.93059999996,1.007789043837265,8760.0,8760.0,1.0,2.655997910958904,17.780299999999997,2,0.4,198019813.8722,22605.001583584475,0.8382027642261266,114838711.19739997,13109.441917511413,0.01068556589272205,119589222.04650004,13651.7376765411,0.1458594623872263,234427933.22630003,26761.179592043383,0.07457527922793937,20130985.568499997,2298.0577132990866,3.9113308823726243,452578732.45489997,51664.23886471461,0.4531721553989945,0.044480626518406,15869435.764399998,1811.5794251598172,11606394.682100002,1324.9308997831051,0.0,0.0,1195891.9534000002,136.51734627853884,49327.603500000005,5.631004965753426,781426.393,89.20392614155251,0.0,0.0,29502477.198000003,3367.862693835617,423076255.35609996,48296.376182203196,23542.67567685512,8760,0.934812497841489,0.5651109376789056,0.0,0,0.0,0.9887217043220772,0.0710696084757415,,,,,,,,,,,,,,,,,,,,
South Texas Project 1,ERCOT,8760,South Texas Project_1_ERCOT_23_hourly_results,1140.9190562671233,15.634445501916991,1138.59,1255.4705,116.88049999999998,0.013703378356278852,116.8121000000001,116.88049999999998,2.928154446854667,260,7.348899999999958,7.348899999999958,0.005450450363588299,0.9892177127853882,8760,0,0.03778538812785388,,,,,,,,,,,,,,,,,,,,,1,0.2,266674761.1968,30442.324337534246,3.047514855940881,118405279.64840004,13516.584434748864,0.010685565892721903,123288237.76790005,14073.999745194069,0.07456793620192878,241693517.42370006,27590.58418078768,0.03838749414540437,10439096.1401,1191.677641563927,6.017627910579934,518807375.18840003,59224.58620872146,1.6599543761849573,0.020121333349027933,23496215.5484,2682.2163868036528,11958455.0898,1365.1204440410959,0.0,0.0,1232882.0940000003,140.73996506849318,11873.6184,1.355435890410959,805645.0303999999,91.9686107762557,0.0,0.0,37505072.23780001,4281.400940388129,481302303.0803,54943.18528313927,98359.31269318088,8760,0.9277090613939704,0.6212135369969661,0.0,0,0.0,0.9968748094776458,0.04654848520932989,0.6860730593607306,299.20065737104824,326.6766,1798195.9508,0.04995438913091774,4.5738203957382035,53.0,0.0017123287671232876,21.96552,52.772,,,,,,,,,,
Donald C Cook 1,MISO,8760,Donald C Cook_1_MISO_10_hourly_results,938.1058693607304,13.390019401932664,936.3972,1053.2396,116.84240000000011,0.01427346298457471,116.45400000000006,116.82260000000008,2.6740732275373906,237,7.29119999999989,7.289999999999964,0.00636197002233992,0.9920857981735159,8760,0,0.030821917808219176,1.0,28.48547892694064,162.966,249532.7954,0.5677652189718954,8760.0,8760.0,1.0,7.449349372146118,52.2228,1.0,28.48547892694064,162.966,249532.7954,0.5677652189718954,8760.0,8760.0,1.0,2.1163697716894982,16.8663,2,0.2857142857142857,224215572.9389,25595.385038687215,0.9753782745477878,118747421.0787,13555.641675650686,0.010685565892725285,123652502.04780005,14115.582425547951,0.06370972117693531,242399923.12909994,27671.224101495427,0.03291128449538082,7199683.851799999,821.881718242009,1.8250565991978944,473815180.12000006,54088.49088127854,0.4759311397453912,0.01519513125344904,19953100.555699993,2277.7512049885836,11993126.7971,1369.0784014954338,0.0,0.0,1236524.7359000002,141.15579176940642,10848.722300000001,1.2384386187214613,807999.6686999998,92.2374051027397,0.0,0.0,34001600.4826,3881.4612423059366,439813579.3806,50207.02960965753,25803.235693344337,8760,0.9282386842675899,0.6466320449757573,0.0,0,0.0,0.9976911696941032,0.05546810051578012,,,,,,,,,,,,,,,,,,,,
Davis Besse 1,PJM,8760,Davis Besse_1_PJM_12_hourly_results,718.9492034018264,29.534777768179467,710.365,826.6832,116.31820000000005,0.04108047916101834,116.31820000000005,116.31200000000001,12.133464664916085,966,6.862199999999916,6.862199999999916,0.007462166385801371,0.9600949284246576,8760,0,0.13207762557077626,1.0,35.49415294520548,162.4716,310928.7798,1.0240080585249445,8760.0,8760.0,1.0,9.274580468036527,53.277699999999996,1.0,35.49415294520548,162.4716,310928.7798,1.0240080585249445,8760.0,8760.0,1.0,2.618378002283105,17.7535,2,0.4,200051534.06760004,22836.93311273973,0.8371732590178927,114838711.19739997,13109.441917511413,0.01068556589272205,119589222.04660006,13651.737676552519,0.1458215471493312,234427933.2265,26761.17959206621,0.0745559809468644,20001597.297300003,2283.28736270548,3.9311548389919606,454481064.3725,51881.40004252283,0.45419736975766534,0.044009748403745094,16000025.363399995,1826.4869136301365,11606395.565299999,1324.9310006050227,0.0,0.0,1195891.9532000003,136.5173462557078,49404.986899999996,5.639838687214612,781426.3928,89.20392611872147,0.0,0.0,29633144.273900006,3382.779026700914,424847919.9335,48498.62099697488,23694.156037090877,8760,0.9347978458026313,0.5647593193783481,0.0,0,0.0,0.9887210387472232,0.07035234295314097,,,,,,,,,,,,,,,,,,,,
PSEG Salem Generating Station 1,PJM,8760,PSEG Salem Generating Station_1_PJM_12_hourly_results,963.391855833333,29.594194960919012,954.7925,1071.3158,116.52330000000006,0.030718751442340212,116.52330000000006,116.51710000000003,12.138859070670167,964,7.0672000000001844,7.0672000000001844,0.006070270388664268,0.96009490793379,8760,0,0.13150684931506848,1.0,36.20887299086757,162.8442,317189.7273999999,1.0011328531095522,8760.0,8760.0,1.0,9.460769406392695,53.3883,1.0,36.20887299086757,162.8442,317189.7273999999,1.0011328531095522,8760.0,8760.0,1.0,2.6712108789954336,17.7912,2,0.4,266943581.81000003,30473.01162214612,0.816235819012816,114838711.19739997,13109.441917511413,0.01068556589272205,119589222.04660006,13651.737676552519,0.14585748431364715,234427933.22640002,26761.179592054796,0.07457427241747609,20183153.172900002,2304.012919280822,3.9032214801381726,521554668.0065,59538.20411033105,0.48840596185779117,0.03869805872900071,20282661.368600003,2315.3723023515986,11606395.3174,1324.930972305936,0.0,0.0,1195891.9532000003,136.5173462557078,49339.9013,5.632408824200913,781426.3928,89.20392611872147,0.0,0.0,33915715.7322,3871.657047054794,487638952.38580006,55666.54707600457,29206.240075547295,8760,0.9349718875102135,0.5639400719898542,0.0,0,0.0,0.988721528780063,0.05438326401981566,,,,,,,,,,,,,,,,,,,,
Beaver Valley 1,PJM,8760,Beaver Valley_1_PJM_11_hourly_results,717.5706991324201,29.581841203876305,708.9452,825.0541,116.10889999999995,0.041224984854652334,116.10889999999995,116.10270000000003,12.269325014271036,976,6.6527999999999565,6.6527999999999565,0.007247297242240384,0.9598306462899544,8760,0,0.13219178082191782,1.0,34.834524680365305,162.091,305150.43620000005,1.0500104738130718,8760.0,8760.0,1.0,9.102976974885843,53.164699999999996,1.0,34.834524680365305,162.091,305150.43620000005,1.0500104738130718,8760.0,8760.0,1.0,2.5696955022831047,17.7151,2,0.4,199674638.78170002,22793.908536723746,0.8371167098035196,114806158.37390004,13105.72584176941,0.010685565892726687,119555633.11260004,13647.90332335617,0.1463590902239466,234361791.50090006,26753.629166769413,0.07482956646780967,19858611.6492,2266.9648001369865,3.9535177149349616,453895042.09029996,51814.50252172374,0.4538823390974487,0.043751550045019516,15974937.532000005,1823.6230059360737,11603200.7148,1324.5662916438357,0.0,0.0,1195556.0637,136.47900270547945,50048.245,5.71326997716895,781205.8291999998,89.17874762557075,0.0,0.0,29604949.183499996,3379.560409075342,424290093.03419995,48434.942127191774,23647.721491408833,8760,0.9347757822606702,0.5670888161443856,0.0,0,0.0,0.988643735289225,0.07036441610313794,,,,,,,,,,,,,,,,,,,,
TalenEnergy Susquehanna 1,PJM,8760,TalenEnergy Susquehanna_1_PJM_18_hourly_results,1060.1116132990865,29.597652652082292,1051.472,1167.6211,116.14910000000009,0.027919374036450617,116.14910000000009,116.14290000000005,12.257700011416832,974,6.693200000000161,6.693200000000161,0.005309800926890883,0.9597788850456622,8760,0,0.1324200913242009,1.0,34.98934404109589,162.1644,306506.6538,1.0450721437860726,8760.0,8760.0,1.0,9.14330591324201,53.186499999999995,1.0,34.98934404109589,162.1644,306506.6538,1.0450721437860726,8760.0,8760.0,1.0,2.5813969292237444,17.722499999999997,2,0.4,293400530.5912,33493.211254703194,0.8103382482195807,114799762.55209997,13104.995725125567,0.010685565892721988,119549033.79730004,13647.149976860735,0.14639522539205185,234348796.37639993,26752.145705068484,0.07484795550864158,19902609.17,2271.9873481735162,3.946223641359309,547651936.4429,62517.344342796794,0.4998764983734568,0.036341712400893,21976069.9697,2508.683786495434,11602574.984699998,1324.494861267123,0.0,0.0,1195490.0705,136.47146923515982,49983.465200000006,5.705875022831051,781162.7813,89.17383348173516,0.0,0.0,35605281.27859999,4064.5298263242003,512046655.0878001,58452.814507739735,31377.815392809283,8760,0.9349855647615113,0.5671333499560952,0.0,0,0.0,0.9886298994636208,0.049737496179197205,,,,,,,,,,,,,,,,,,,,
Clinton Power Station 1,MISO,8760,Clinton Power Station_1_MISO_22_hourly_results,925.0235636986301,12.597149580952381,923.4907,1039.8958,116.40510000000006,0.013618193174002749,116.01810000000012,116.3854,2.4538014156867236,229,6.853900000000067,6.852800000000116,0.006050853157140995,0.9928733932648401,8760,0,0.02899543378995434,1.0,26.70794262557078,162.41140000000001,233961.57740000004,0.5763317375409456,8760.0,8760.0,1.0,6.982271210045662,51.992,1.0,26.70794262557078,162.41140000000001,233961.57740000004,0.5763317375409456,8760.0,8760.0,1.0,1.9833085502283103,16.7055,2,0.2857142857142857,221024755.53989998,25231.13647715753,0.9752937094099702,118844374.44969994,13566.709412066202,0.010685565892722227,123752565.51780005,14127.005196095895,0.06011235152792705,242596939.9688,27693.714608310504,0.031101155666433306,6868927.4559,784.1241388013699,1.8776952658387032,470490623.0531,53708.97523437215,0.4726317372255238,0.014599499159677762,19726691.6503,2251.9054395319636,12002647.8771,1370.1652827739726,0.0,0.0,1237525.3709,141.27001950913242,9992.5138,1.1406979223744294,808656.4203000001,92.31237674657535,0.0,0.0,33785514.69350001,3856.7939147831066,436705108.52070004,49852.181337979455,25442.679466958656,8760,0.9281908865406082,0.6531312425330804,0.0,0,0.0,0.9979145701462355,0.055969598107810443,,,,,,,,,,,,,,,,,,,,
Beaver Valley 2,PJM,8760,Beaver Valley_2_PJM_22_hourly_results,717.5417274429224,29.53361730639142,708.9452,825.0541,116.10889999999995,0.04115944226914762,116.10889999999995,116.10270000000003,12.229447197168628,973,6.6527999999999565,6.6527999999999565,0.007247297242240384,0.959965543721461,8760,0,0.1317351598173516,1.0,34.798681415525124,162.091,304836.4492000001,1.0493088138348836,8760.0,8760.0,1.0,9.093947431506848,53.164699999999996,1.0,34.798681415525124,162.091,304836.4492000001,1.0493088138348836,8760.0,8760.0,1.0,2.5674281506849312,17.7151,2,0.4,199663566.5201,22792.644579920092,0.8371132195247977,114822809.2329,13107.626624760273,0.010685565892724945,119572814.21780004,13649.864636735165,0.1460981894750386,234395623.4683999,26757.49126351597,0.07469677911392562,19840037.116899997,2264.8444197374424,3.9566622559819344,453899227.3126,51814.98028682649,0.45386775402514073,0.04371022447948822,15974908.355800005,1823.6196753196352,11604831.4636,1324.7524501826485,0.0,0.0,1195727.8757,136.4986159474886,49885.615,5.694704908675799,781319.1096000001,89.1916791780822,0.0,0.0,29606672.430099994,3379.7571267237436,424292554.7397,48435.22314380137,23647.058338487066,8760,0.9347725865316137,0.5660063102665341,0.0,0,0.0,0.9886829486789634,0.07036441610313794,,,,,,,,,,,,,,,,,,,,
Arkansas Nuclear One 2,SPP,8760,Arkansas Nuclear One_2_SPP_15_hourly_results,731.3186502283105,17.659150907899914,728.3089,844.1935,115.88459999999998,0.024146999262752152,115.644,115.88459999999998,4.088217056741637,357,6.503299999999967,6.503299999999967,0.0069391930441826495,0.9859659155251143,8760,0,0.04954337899543379,,,,,,,,,,,,,,,,,,,,,1,0.14285714285714285,167933611.37669998,19170.503581815068,1.5557086397595765,117988923.21109995,13469.055161084469,0.01068556589272533,122875188.24220005,14026.847972853886,0.0851180648946043,240864111.4461,27495.903133116437,0.04372729134189131,7779420.2426,888.0616715296804,2.413370422627113,416577142.8565999,47554.468362625565,0.6524100528457796,0.018674620957967302,16308484.463300006,1861.6991396461194,11919144.761599999,1360.6329636529679,0.0,0.0,1228751.6018,140.26844769406392,16697.2632,1.9060802739726028,802880.7610999999,91.65305492009131,0.0,0.0,30275958.86010001,3456.1596872260284,386301183.69200003,44098.308640639276,31100.707904289768,8760,0.9273220826351918,0.5421872170014269,0.0,0,0.0,0.9957033685425786,0.06863627829401671,,,,,,,,,,,0.003538812785388128,260.44352258064515,300.0,8073.7492,0.3558236126141978,1.1071428571428572,3.0,0.0028538812785388126,37.436736,80.3832
LaSalle Generating Station 2,MISO,8760,LaSalle Generating Station_2_MISO_19_hourly_results,956.6590742123287,12.693636231362277,955.1075,1071.5584,116.45089999999993,0.013268714606416775,116.06380000000001,116.4312000000001,2.471565018837768,225,6.899799999999914,6.898599999999988,0.005925733803168826,0.9927892474885845,8760,0,0.02945205479452055,1.0,26.89629664383562,162.3948,235611.55860000002,0.5756751419673125,8760.0,8760.0,1.0,7.033039714611872,52.0162,1.0,26.89629664383562,162.3948,235611.55860000002,0.5756751419673125,8760.0,8760.0,1.0,1.9980557648401824,16.7134,2,0.2857142857142857,228532889.5107,26088.22939619863,0.972757018641856,118834012.5527,13565.526547111873,0.010685565892722692,123741871.46750005,14125.784414098178,0.06055459087382287,242575884.02409992,27691.310961655243,0.03132353453065053,6904766.7632,788.2153839269406,1.8729179167661136,478013540.63539994,54567.75578029679,0.4793036418646127,0.014444709566222397,20280647.3837,2315.142395399543,12001630.6551,1370.0491615410958,0.0,0.0,1237418.4301000002,141.25781165525117,10060.8827,1.1485025913242008,808586.6070000003,92.30440719178085,0.0,0.0,34338343.9572,3919.902278219178,443675196.71660006,50647.85350646119,26212.91070742631,8760,0.9281644953547643,0.6477247787824844,0.0,0,0.0,0.9978934590898854,0.054337169117427454,,,,,,,,,,,,,,,,,,,,
Wolf Creek Generating Station 1,SPP,8760,Wolf Creek Generating Station_1_SPP_20_hourly_results,1083.0826728196348,17.532263163292818,1080.1298,1197.1033,116.97350000000006,0.01618737295247309,116.73070000000007,116.97350000000006,4.023238223541504,355,7.592300000000023,7.592300000000023,0.005885075953391933,0.9863593904680364,8760,0,0.048401826484018265,,,,,,,,,,,,,,,,,,,,,1,0.14285714285714285,247043621.49710003,28201.326654920093,1.514459063521996,118037509.38410002,13474.6015278653,0.010685565892726146,122925177.50230004,14032.554509394982,0.08368449383894266,240962686.89140004,27507.156037831053,0.0430013226692034,8248638.3675999995,941.6253844292237,2.3041334266821756,496254946.9288,56650.108096894975,0.7755793752550248,0.016621775598709487,22472787.237300005,2565.386670924658,11923901.405,1361.1759594748858,0.0,0.0,1229251.4945,140.32551307077625,16278.816599999998,1.8583123972602738,803208.5837000002,91.69047759132422,0.0,0.0,36445428.37740001,4160.437029383563,459809518.9544,52489.67111351598,44010.46126209383,8760,0.9265590636426865,0.5459433913245317,0.0,0,0.0,0.9958318609582066,0.04885689480598711,,,,,,,,,,,0.0031963470319634705,284.46592142857145,300.0,7965.0458,0.20086730045203494,1.12,3.0,0.002511415525114155,41.246204545454546,72.5284
Braidwood Generation Station 1,PJM,8760,Braidwood Generation Station_1_PJM_23_hourly_results,1018.3719736872146,29.584489000725732,1009.776,1126.2533,116.47730000000013,0.029050769036395724,116.47730000000013,116.47110000000009,12.140549948624278,964,7.021400000000085,7.021400000000085,0.005759168272883626,0.9600948450913243,8760,0,0.13139269406392695,1.0,36.04903260273973,162.7608,315789.5256,1.0063187558844382,8760.0,8760.0,1.0,9.419135547945205,53.3635,1.0,36.04903260273973,162.7608,315789.5256,1.0063187558844382,8760.0,8760.0,1.0,2.6595563470319634,17.7827,2,0.4,281983880.126,32189.940653652968,0.812846241565432,114838711.19739997,13109.441917511413,0.01068556589272205,119589222.04640004,13651.737676529685,0.14586701986012068,234427933.2265,26761.17959206621,0.07457912586639512,20142771.1162,2299.403095456621,3.9094915530087526,536554584.2598,61250.52331732877,0.49508923485053985,0.03754095427958707,21245912.808700003,2425.332512408676,11606394.556499999,1324.9308854452054,0.0,0.0,1195891.9532,136.51734625570776,49366.2581,5.635417591324201,781426.3929000001,89.20392613013699,0.0,0.0,34878991.98269999,3981.620089349314,501675592.08339995,57268.90320586757,30451.399326943767,8760,0.9349945127679468,0.5651305611791089,0.0,0,0.0,0.9887219364933661,0.05171008155980547,,,,,,,,,,,,,,,,,,,,
Grand Gulf 1,MISO,8760,Grand Gulf_1_MISO_20_hourly_results,1227.002243744292,13.6347213095337,1225.2316,1341.6142,116.38259999999991,0.011112221985777547,115.99569999999994,116.36289999999985,2.754356935723253,243,6.831300000000056,6.830200000000104,0.004762363877561004,0.9917663458333332,8760,0,0.031050228310502283,1.0,26.92272622146119,162.3704,235843.0817,0.6188514348152446,8760.0,8760.0,1.0,7.040848630136987,51.9801,1.0,26.92272622146119,162.3704,235843.0817,0.6188514348152446,8760.0,8760.0,1.0,1.9995951027397258,16.6739,2,0.2857142857142857,292724680.0746,33416.05936924657,0.9564688281168277,118708066.01580003,13551.149088561648,0.010685565892721748,123611884.04520005,14110.94566726028,0.06515447437069927,242319950.0575001,27662.094755422386,0.03363902252693248,6961419.104599999,794.6825461872145,1.8944586213261971,542006048.9928,61872.836643013696,0.5289378658701843,0.012843803344143995,25013432.996000003,2855.4147255707767,11989265.0,1368.6375570776256,0.0,0.0,1236118.5554,141.1094241324201,11218.5714,1.2806588356164383,807732.8961000002,92.20695160958907,0.0,0.0,39057768.878000006,4458.649415296804,502948280.1183,57414.18722811644,32788.79606775128,8760,0.9279385000461151,0.6415268707423792,0.0,0,0.0,0.9976173591173982,0.04337409368505488,,,,,,,,,,,,,,,,,,,,
Diablo Canyon 1,CAISO,8760,Diablo Canyon_1_CAISO_20_hourly_results,944.2741680136985,6.963168505122633,943.7344,1060.0288,116.2944,0.007374096148123814,116.2944,116.2944,0.8346044297294205,119,7.083599999999933,7.083599999999933,0.006142614697304298,0.9974959429223744,8760,0,0.01632420091324201,,,,,,,,,,,,,,,,,,,,,0,0.0,286504251.096,32705.9647369863,0.8576730067044013,119415738.03409998,13631.933565536527,0.010685565892721747,124339689.34630005,14194.028464189503,0.03300223570119466,243755427.3753,27825.962029143833,0.01762544519795706,12514848.002099998,1428.635616678082,3.380750111437054,542774526.1110001,61960.562341438366,0.479650438816652,0.023057176414982766,20080355.353200007,2292.278008356165,12058528.954300001,1376.5444011757993,0.0,0.0,1243396.6076000002,141.94025200913245,3391.3634,0.38714194063926943,812517.7099000001,92.75316323059363,0.0,0.0,34198189.98969999,3903.9029668607295,508576335.857,58056.65934440639,29740.054043383396,8760,0.9369937448998732,0.6752240819929565,0.0,0,0.0,0.9987558422898899,0.05485435867402848,,,,,,,,,,,,,,,,,,,,
Nine Mile Point Nuclear Station 2,NYISO,8760,Nine Mile Point Nuclear Station_2_NYISO_22_hourly_results,1045.787563196347,10.126132570125506,1044.9455,1205.8612,160.91570000000002,0.009682781595887386,160.91570000000002,160.91570000000002,1.3615783308596867,121,9.112100000000055,9.112100000000055,0.007252377829775265,0.9960759515981736,8760,0,0.014383561643835616,0.9987442922374429,24.55628771288147,164.8036,214842.9612,0.37883003642352714,729.0833333333334,2279.0,,,,0.9987442922374429,24.55628771288147,164.8036,214842.9612,0.37883003642352714,729.0833333333334,2279.0,,,,2,0.4,331458366.93600005,37837.71312054795,0.9107257518231262,119243528.21099998,13612.274909931504,0.010685565892724994,124160605.90250006,14173.585148687222,0.04811380027937587,243404134.10979992,27785.860058196336,0.025090399356283648,3738844.0348000005,426.8086797716895,1.1178323289010919,578601344.8197,66050.38182873288,0.5175118040611605,0.0064618654420256745,21853834.6894,2494.729987374429,12041362.9638,1374.5848132191782,0.0,0.0,1241605.7711000002,141.73581861872148,5557.6935,0.634439897260274,811347.0479000002,92.61952601598176,0.0,0.0,35953708.1694,4104.304585547945,542647636.2538999,61946.07719793378,34224.56231359811,8760,0.937861000691238,0.6308841144560526,0.0,0,0.0,0.9999573679104685,0.06672231430947442,,,,,,,,,,,,,,,,,,,,
LaSalle Generating Station 1,MISO,8760,LaSalle Generating Station_1_MISO_19_hourly_results,956.6590742123287,12.693636231362277,955.1075,1071.5584,116.45089999999993,0.013268714606416775,116.06380000000001,116.4312000000001,2.471565018837768,225,6.899799999999914,6.898599999999988,0.005925733803168826,0.9927892474885845,8760,0,0.02945205479452055,1.0,26.89629664383562,162.3948,235611.55860000002,0.5756751419673125,8760.0,8760.0,1.0,7.033039714611872,52.0162,1.0,26.89629664383562,162.3948,235611.55860000002,0.5756751419673125,8760.0,8760.0,1.0,1.9980557648401824,16.7134,2,0.2857142857142857,228532889.5107,26088.22939619863,0.972757018641856,118834012.5527,13565.526547111873,0.010685565892722692,123741871.46750005,14125.784414098178,0.06055459087382287,242575884.02409992,27691.310961655243,0.03132353453065053,6904766.7632,788.2153839269406,1.8729179167661136,478013540.63539994,54567.75578029679,0.4793036418646127,0.014444709566222397,20280647.3837,2315.142395399543,12001630.6551,1370.0491615410958,0.0,0.0,1237418.4301000002,141.25781165525117,10060.8827,1.1485025913242008,808586.6070000003,92.30440719178085,0.0,0.0,34338343.9572,3919.902278219178,443675196.71660006,50647.85350646119,26212.91070742631,8760,0.9281644953547643,0.6477247787824844,0.0,0,0.0,0.9978934590898854,0.054337169117427454,,,,,,,,,,,,,,,,,,,,
Millstone 2,ISONE,8760,Millstone_2_ISONE_10_hourly_results,695.2868618264843,8.930502965975666,694.7399,856.2682,161.52829999999994,0.012844343042115992,161.52829999999994,161.52829999999994,0.8016561707957526,65,9.724699999999984,9.724699999999984,0.010723764507026829,0.9974605380707763,8760,0,0.008904109589041096,,,,,,,,,,,,,,,,,,,,,0,0.0,244056411.4279,27860.32093925799,1.1609343009127269,119410210.22919996,13631.302537579904,0.010685565892724739,124336553.06739996,14193.670441484013,0.04216828855063076,243746763.29790008,27824.972979212336,0.022134759342800868,538764.6701,61.50281622146119,8.125148951886604,488341939.60379994,55746.79675842465,0.5773866206237562,0.0011032529185126079,15717973.514900006,1794.289214029681,12058100.9506,1376.4955423059362,0.0,0.0,1243365.2174000002,141.93666865296805,3260.0515,0.372151997716895,812488.8515000003,92.7498688926941,0.0,0.0,29835189.4558,3405.8435451826485,458506750.07960004,52340.95320543379,32216.308509707822,8760,0.9389051254774354,0.6170909529559427,0.0,0,0.0,0.9999935516455775,0.094321090050991,,,,,,,,,,,,,,,,,,,,
North Anna 2,PJM,8760,North Anna_2_PJM_15_hourly_results,773.2745931164385,29.56227500206212,764.683,881.1014,116.41840000000002,0.0382299835856765,116.41840000000002,116.41219999999998,12.13181810708985,965,6.962400000000002,6.962400000000002,0.007148129124221744,0.9600949813926941,8760,0,0.13150684931506848,1.0,35.843488219178084,162.6538,313988.95680000004,1.012695564455008,8760.0,8760.0,1.0,9.365527454337899,53.3317,1.0,35.843488219178084,162.6538,313988.95680000004,1.012695564455008,8760.0,8760.0,1.0,2.644178436073059,17.7719,2,0.4,214918671.9129,24534.09496722603,0.8313947012340849,114838711.19739997,13109.441917511413,0.01068556589272205,119589222.04670005,13651.737676563933,0.14583178750208997,234427933.22660002,26761.179592077628,0.07456119312714486,20093242.0599,2293.7490935958904,3.917125716175315,469439846.982,53589.02362808219,0.46248704356786885,0.04280259161866685,16951806.374300003,1935.1377139611875,11606396.2055,1324.9310736872146,0.0,0.0,1195891.9532000003,136.5173462557078,49355.7242,5.634215091324201,781426.3928,89.20392611872147,0.0,0.0,30584876.6516,3491.4242752968034,438854970.3564,50097.599355753424,24913.40809244277,8760,0.934848145460535,0.5635646848656896,0.0,0,0.0,0.9887214380416263,0.0660641329136465,,,,,,,,,,,,,,,,,,,,
Waterford 3 3,MISO,8760,Waterford 3_3_MISO_20_hourly_results,986.8152335616437,13.052989862459306,985.176,1101.479,116.303,0.013227389908998523,115.91639999999995,116.28329999999994,2.6113367279369784,234,6.751899999999978,6.750699999999824,0.005653439053316251,0.9923721655251141,8760,0,0.03047945205479452,1.0,26.47205538812785,162.129,231895.20519999997,0.6036050703461272,8760.0,8760.0,1.0,6.922448344748859,51.9381,1.0,26.47205538812785,162.129,231895.20519999997,0.6036050703461272,8760.0,8760.0,1.0,1.9662468036529681,16.773,2,0.2857142857142857,235712806.8941,26907.854668276257,0.9705307673496183,118782682.185,13559.66691609589,0.0106855658927258,123688894.26550004,14119.736788299091,0.06237479156697991,242471576.45219994,27679.403704589033,0.032239236410813395,6853655.3416,782.3807467579909,1.8966798076192146,485038038.8351,55369.63913642694,0.4855748693485227,0.014130139891832401,20807505.042600006,2375.285963767124,11996588.638700001,1369.4735888926941,0.0,0.0,1236888.6583999998,141.19733543378993,10643.3785,1.2149975456621005,808238.3512,92.26465196347033,0.0,0.0,34859864.92379999,3979.4366351369854,450178174.33430004,51390.20254957763,26945.50169612492,8760,0.928129627555559,0.6523338208334121,0.0,0,0.0,0.9977731702407655,0.052794016045698555,,,,,,,,,,,,,,,,,,,,
Limerick 1,PJM,8760,Limerick_1_PJM_21_hourly_results,932.4711708447488,29.60146308546517,923.8372,1040.0606,116.22339999999997,0.031745177771714345,116.22339999999997,116.21719999999993,12.212877223427325,970,6.767399999999952,6.767399999999952,0.005973117001653037,0.9598308375570777,8760,0,0.13162100456621004,1.0,35.234365947488584,162.2992,308653.0457,1.0362454532218153,8760.0,8760.0,1.0,9.20608327625571,53.2265,1.0,35.234365947488584,162.2992,308653.0457,1.0362454532218153,8760.0,8760.0,1.0,2.5985988242009137,17.736099999999997,2,0.4,258482003.0939,29507.077978755708,0.8181547389680726,114806158.37390004,13105.72584176941,0.010685565892726687,119555633.11270003,13647.903323367584,0.14631244074453278,234361791.50060004,26753.629166735165,0.07480582217107419,19957179.4618,2278.216833538813,3.9378519256703224,512800974.2185,58538.923997545666,0.48438303760574003,0.03891798273631286,19739993.6661,2253.4239344863013,11603203.0273,1324.5665556278539,0.0,0.0,1195556.064,136.47900273972604,49768.881799999996,5.681379200913241,781205.8291999998,89.17874762557075,0.0,0.0,33369727.472600006,3809.329620159818,479431246.6935,54729.594371404106,28483.32912290082,8760,0.9349265520100563,0.5655475585675525,0.0,0,0.0,0.9886456584497251,0.05587337891657465,,,,,,,,,,,,,,,,,,,,
Limerick 2,PJM,8760,Limerick_2_PJM_25_hourly_results,932.4711708447488,29.60146308546517,923.8372,1040.0606,116.22339999999997,0.031745177771714345,116.22339999999997,116.21719999999993,12.212877223427325,970,6.767399999999952,6.767399999999952,0.005973117001653037,0.9598308375570777,8760,0,0.13162100456621004,1.0,35.234365947488584,162.2992,308653.0457,1.0362454532218153,8760.0,8760.0,1.0,9.20608327625571,53.2265,1.0,35.234365947488584,162.2992,308653.0457,1.0362454532218153,8760.0,8760.0,1.0,2.5985988242009137,17.736099999999997,2,0.4,258482003.0939,29507.077978755708,0.8181547389680726,114806158.37390004,13105.72584176941,0.010685565892726687,119555633.11270003,13647.903323367584,0.14631244074453278,234361791.50060004,26753.629166735165,0.07480582217107419,19957179.4618,2278.216833538813,3.9378519256703224,512800974.2185,58538.923997545666,0.48438303760574003,0.03891798273631286,19739993.6661,2253.4239344863013,11603203.0273,1324.5665556278539,0.0,0.0,1195556.064,136.47900273972604,49768.881799999996,5.681379200913241,781205.8291999998,89.17874762557075,0.0,0.0,33369727.472600006,3809.329620159818,479431246.6935,54729.594371404106,28483.32912290082,8760,0.9349265520100563,0.5655475585675525,0.0,0,0.0,0.9886456584497251,0.05587337891657465,,,,,,,,,,,,,,,,,,,,
Fermi 2,MISO,8760,Fermi_2_MISO_23_hourly_results,1002.9138840867581,12.614712635354952,1001.3804,1118.232,116.85159999999996,0.012578061621753062,116.46319999999992,116.83179999999993,2.4587762529969175,228,7.3004000000000815,7.299200000000155,0.006028144940041891,0.9928977778538812,8760,0,0.028881278538812786,1.0,28.309486141552505,163.22,247991.09859999994,0.538917755401128,8760.0,8760.0,1.0,7.400660970319635,52.2277,1.0,28.309486141552505,163.22,247991.09859999994,0.538917755401128,8760.0,8760.0,1.0,2.1023850913242006,16.7822,2,0.2857142857142857,239491177.9809,27339.17556859589,0.9692764247763683,118847363.02050003,13567.050573116443,0.010685565892723327,123755649.61700004,14127.357262214617,0.059965350243717824,242603012.63380003,27694.407834908678,0.0310272438724726,7129469.611,813.8663939497717,1.8159721444235297,489223659.9906,55847.44977061644,0.4885392677634309,0.014573027010053,21091415.672099993,2407.695852979451,12002942.658499999,1370.1989336187214,0.0,0.0,1237556.2115,141.27354012557078,9974.475100000001,1.1386387100456623,808676.3415,92.31465085616438,0.0,0.0,35150566.22249998,4012.6217148972582,454073093.5559,51834.82803149543,27341.525010302583,8760,0.9281503138352396,0.6531193981181861,0.0,0,0.0,0.9979191575948604,0.05224837064222807,,,,,,,,,,,,,,,,,,,,
James A Fitzpatrick 1,NYISO,8760,James A Fitzpatrick_1_NYISO_11_hourly_results,668.5387504566211,10.081112220272331,667.711,829.5654,161.85439999999994,0.015079323694231327,161.85439999999994,161.85439999999994,1.354367005365909,122,10.050899999999956,10.050899999999956,0.011419743548024932,0.9961650525114156,8760,0,0.014954337899543379,0.9987442922374429,26.994074088467247,166.3288,236171.15419999993,0.33614646412621074,729.0833333333334,2279.0,,,,0.9987442922374429,26.994074088467247,166.3288,236171.15419999993,0.33614646412621074,729.0833333333334,2279.0,,,,2,0.4,212472874.5048,24254.894349863014,0.9526525699082489,119254410.39260003,13613.517168105027,0.01068556589272498,124171929.11660005,14174.877753036535,0.04761373526854359,243426339.50480008,27788.39492063928,0.024841043279568847,3868533.3117,441.61339174657536,1.1002886915746333,459767747.154,52484.902643150686,0.4348004743270638,0.008414103285074992,15244751.480300006,1740.2684338242016,12042440.0867,1374.7077724543378,0.0,0.0,1241719.0034999999,141.74874469178081,5496.1452,0.6274138356164384,811420.7079,92.62793469178082,0.0,0.0,29345827.424300008,3349.9802995776263,430421919.3325,49134.922298230595,22863.87407492164,8760,0.9361724957804172,0.6309983931411003,0.0,0,0.0,0.9999585035948663,0.09755373114645328,,,,,,,,,,,,,,,,,,,,
North Anna 1,PJM,8760,North Anna_1_PJM_13_hourly_results,773.2746158105025,29.56573319917135,764.683,881.1014,116.41840000000002,0.03823445460987004,116.41840000000002,116.41219999999998,12.1342315104464,965,6.962400000000002,6.962400000000002,0.007148129124221744,0.9600948678082192,8760,0,0.1317351598173516,1.0,35.84372891552512,162.6538,313991.0653000001,1.0128444630883267,8760.0,8760.0,1.0,9.365497545662102,53.3317,1.0,35.84372891552512,162.6538,313991.0653000001,1.0128444630883267,8760.0,8760.0,1.0,2.6442336757990863,17.7719,2,0.4,214918487.7701,24534.073946358447,0.8313915174341941,114838711.19739997,13109.441917511413,0.01068556589272205,119589222.04660006,13651.737676552519,0.14584847199234868,234427933.2265,26761.17959206621,0.07456968528034662,20093499.2037,2293.7784479109587,3.917133520817061,469439919.98319995,53589.03196155251,0.4624866079509455,0.04280313272978381,16951806.374500003,1935.1377139840185,11606394.8319,1324.9309168835616,0.0,0.0,1195891.9534000002,136.51734627853884,49365.560399999995,5.635337945205479,781426.3928,89.20392611872147,0.0,0.0,30584885.114,3491.425241324201,438855034.89460003,50097.60672312786,24913.387352461184,8760,0.9348481375642393,0.5643661638191281,0.0,0,0.0,0.9887219337351455,0.0660641329136465,,,,,,,,,,,,,,,,,,,,
Braidwood Generation Station 2,PJM,8760,Braidwood Generation Station_2_PJM_23_hourly_results,1018.3719736872146,29.584489000725732,1009.776,1126.2533,116.47730000000013,0.029050769036395724,116.47730000000013,116.47110000000009,12.140549948624278,964,7.021400000000085,7.021400000000085,0.005759168272883626,0.9600948450913243,8760,0,0.13139269406392695,1.0,36.04903260273973,162.7608,315789.5256,1.0063187558844382,8760.0,8760.0,1.0,9.419135547945205,53.3635,1.0,36.04903260273973,162.7608,315789.5256,1.0063187558844382,8760.0,8760.0,1.0,2.6595563470319634,17.7827,2,0.4,281983880.126,32189.940653652968,0.812846241565432,114838711.19739997,13109.441917511413,0.01068556589272205,119589222.04640004,13651.737676529685,0.14586701986012068,234427933.2265,26761.17959206621,0.07457912586639512,20142771.1162,2299.403095456621,3.9094915530087526,536554584.2598,61250.52331732877,0.49508923485053985,0.03754095427958707,21245912.808700003,2425.332512408676,11606394.556499999,1324.9308854452054,0.0,0.0,1195891.9532,136.51734625570776,49366.2581,5.635417591324201,781426.3929000001,89.20392613013699,0.0,0.0,34878991.98269999,3981.620089349314,501675592.08339995,57268.90320586757,30451.399326943767,8760,0.9349945127679468,0.5651305611791089,0.0,0,0.0,0.9887219364933661,0.05171008155980547,,,,,,,,,,,,,,,,,,,,
Callaway 1,MISO,8760,Callaway_1_MISO_19_hourly_results,1021.8346969977171,12.722040646874545,1020.2739,1137.074,116.80010000000004,0.012450194424062474,116.41179999999997,116.78030000000001,2.491453499257906,229,7.248900000000049,7.247699999999895,0.00589392016957556,0.992768093892694,8760,0,0.0295662100456621,1.0,28.160453025114162,163.1266,246685.56850000005,0.5471697625436619,8760.0,8760.0,1.0,7.362178162100457,52.2005,1.0,28.160453025114162,163.1266,246685.56850000005,0.5471697625436619,8760.0,8760.0,1.0,2.0917473287671235,16.7733,2,0.2857142857142857,243988940.6081,27852.618790878994,0.9680024818710595,118831395.36350004,13565.227781221467,0.010685565892726907,123739170.35930005,14125.476068413247,0.060510680962653114,242570565.72669992,27690.7038500799,0.031301428472258565,7111326.8106,811.7952980136987,1.8241647918536865,493670833.51909995,56355.117981632415,0.4923038866146732,0.014404996867867151,21422449.272,2445.485076712329,12001374.935400002,1370.0199697945206,0.0,0.0,1237391.419,141.25472819634703,10111.4871,1.1542793493150685,808568.8444999998,92.3023795091324,0.0,0.0,35479895.957,4050.2164334474887,458190937.8673,52304.90158302511,27802.1400439372,8760,0.9281304601309259,0.6517928781920748,0.0,0,0.0,0.9978893431657656,0.0513599378756352,,,,,,,,,,,,,,,,,,,,
Perry 1,PJM,8760,Perry_1_PJM_22_hourly_results,1104.5507251027395,29.560457329659542,1095.9839,1212.7322,116.74829999999997,0.02676242625879403,116.74829999999997,116.74199999999996,12.113096928873166,960,7.292199999999866,7.292199999999866,0.005585119847395202,0.9603225132420092,8760,0,0.13070776255707764,1.0,36.93259502283105,163.2532,323529.5324,0.9754386405305754,8760.0,8760.0,1.0,9.649443618721461,53.509699999999995,1.0,36.93259502283105,163.2532,323529.5324,0.9754386405305754,8760.0,8760.0,1.0,2.7246570776255705,17.8325,2,0.4,305560315.82989997,34881.314592454335,0.8083380024755228,114866743.50099996,13112.641952168944,0.010685565892721243,119618146.83540004,13655.039593082196,0.14537463449096608,234484890.30899993,26767.68154212328,0.07432852725813377,20348420.586200003,2322.8790623515983,3.8627976096172403,560393626.4143,63971.87516144977,0.5048963122224571,0.036310942214671765,22756571.923400003,2597.78218303653,11609146.794599999,1325.2450678767123,0.0,0.0,1196181.2012999998,136.55036544520547,49140.27300000001,5.609620205479453,781616.5074000004,89.22562869863017,0.0,0.0,36392657.48679999,4154.412955114154,524000969.2868,59817.4622473516,32424.95187228958,8760,0.9350587597500711,0.5644242669842289,0.0,0,0.0,0.9887868940920036,0.04813441087818068,,,,,,,,,,,,,,,,,,,,
PSEG Salem Generating Station 2,PJM,8760,PSEG Salem Generating Station_2_PJM_16_hourly_results,963.3918523287668,29.58691299411486,954.7925,1071.3158,116.52330000000006,0.0307111928781582,116.52330000000006,116.51710000000003,12.149674323552915,965,7.0672000000001844,7.0672000000001844,0.006070270388664268,0.9600949254566211,8760,0,0.13162100456621004,1.0,36.20937279680364,162.8442,317194.1056999999,1.000961333474483,8760.0,8760.0,1.0,9.460687819634703,53.3883,1.0,36.20937279680364,162.8442,317194.1056999999,1.000961333474483,8760.0,8760.0,1.0,2.671351929223744,17.7912,2,0.4,266937224.0609,30472.28585170091,0.8161603209997591,114838711.19739997,13109.441917511413,0.01068556589272205,119589222.04660006,13651.737676552519,0.14582161658106424,234427933.22640005,26761.1795920548,0.07455601628794079,20190073.7133,2304.8029353082193,3.9023252638436645,521555230.7977,59538.268355901826,0.4883746191807569,0.03871128601743675,20282661.368800003,2315.3723023744296,11606395.5295,1324.930996518265,0.0,0.0,1195891.9533000002,136.51734626712332,49383.8477,5.637425536529681,781426.3928,89.20392611872147,0.0,0.0,33915759.8912,3871.6620880365294,487639471.01800007,55666.606280593616,29204.239951256117,8760,0.934971873011748,0.5640427132313166,0.0,0,0.0,0.988722818939858,0.05438326401981566,,,,,,,,,,,,,,,,,,,,
Byron Generating Station 2,MISO,8760,Byron Generating Station_2_MISO_22_hourly_results,1011.3054370547944,12.575352859156803,1009.776,1126.3545,116.57849999999996,0.012434772323364308,116.19100000000014,116.55880000000013,2.4317850667884477,226,7.027399999999943,7.026200000000017,0.0057640612902936945,0.9928999157534247,8760,0,0.02910958904109589,1.0,27.32922964611872,162.7418,239404.05169999998,0.5612113247124455,8760.0,8760.0,1.0,7.144897739726027,52.0835,1.0,27.32922964611872,162.7418,239404.05169999998,0.5612113247124455,8760.0,8760.0,1.0,2.029590696347032,16.735300000000002,2,0.2857142857142857,241473464.73209998,27565.464010513697,0.9684008364583869,118847630.17000002,13567.081069634705,0.01068556589272252,123755925.20780005,14127.388722351603,0.05991790470871964,242603555.37100005,27694.469791210053,0.031003384913074947,6971962.4358,795.8861228082192,1.8546231173949415,491048982.1777,56055.81988329908,0.4901550147279203,0.014198099759581617,21238444.988300003,2424.4800214954344,12002968.504900001,1370.2018841210047,0.0,0.0,1237558.968,141.27385479452056,9888.1047,1.1287790753424658,808678.1361999998,92.31485573059359,0.0,0.0,35297539.55979999,4029.399493127853,455751442.93750006,52026.420426655255,27533.89427525708,8760,0.9281180889864333,0.6546722415524054,0.0,0,0.0,0.9979123114467571,0.05175035923414874,,,,,,,,,,,,,,,,,,,,
Diablo Canyon 2,CAISO,8760,Diablo Canyon_2_CAISO_21_hourly_results,949.2414180365298,7.093752028013029,948.6787,1065.0037,116.32499999999993,0.0074730747028360685,116.32499999999993,116.32499999999993,0.8599407923278907,124,7.1141999999999825,7.1141999999999825,0.00614265018979166,0.9973901618150686,8760,0,0.017009132420091323,,,,,,,,,,,,,,,,,,,,,0,0.0,288017195.80079997,32878.675319726026,0.8576726024618554,119402828.14400002,13630.459833789957,0.010685565892726021,124326251.69280006,14192.49448547946,0.03361576343869699,243729079.83250004,27822.954318778542,0.017924428223571744,12574856.295,1435.4858784246576,3.3721937802626063,544321131.5173,62137.11547001142,0.4806879833441154,0.023101907250867654,20167007.308800004,2302.1697841095897,12057250.189200003,1376.398423424658,0.0,0.0,1243262.2308,141.92491219178083,3493.3981,0.39878973744292234,812429.9972999998,92.74315037671231,0.0,0.0,34283443.1258,3913.635060022831,510037688.204,58223.480388584474,29889.451363891258,8760,0.9370161448302867,0.6748199617516322,0.0,0,0.0,0.998698478829992,0.05461248632281744,,,,,,,,,,,,,,,,,,,,
Calvert Cliffs Nuclear Power Plant 2,PJM,8760,Calvert Cliffs Nuclear Power Plant_2_PJM_12_hourly_results,725.7046336301371,29.604003229176172,717.1009,833.6746,116.57370000000003,0.040793460393232325,116.57370000000003,116.5675,12.15277965521178,966,7.117799999999988,7.117799999999988,0.00768171135811464,0.9600918695776255,8760,0,0.13150684931506848,1.0,36.38596942922375,162.936,318741.0922000001,0.995531500032297,8760.0,8760.0,1.0,9.506663710045663,53.4155,1.0,36.38596942922375,162.936,318741.0922000001,0.995531500032297,8760.0,8760.0,1.0,2.684268093607306,17.8005,2,0.4,201908719.3703,23048.940567385845,0.8365883244954208,114838351.20249996,13109.400822203192,0.010685565892728158,119588852.45450005,13651.695485673521,0.14584264107143058,234427203.68410006,26761.096310970326,0.07456671714283863,20236545.204500005,2310.107900057078,3.895149962247024,456572468.5696,52120.14481388128,0.45544146775313804,0.044322745232316045,16118369.658400007,1839.9965363470328,11606358.5903,1324.9267797146117,0.0,0.0,1195888.2579,136.51692441780824,49375.1133,5.636428458904109,781424.2594000001,89.20368257990869,0.0,0.0,29751415.89760001,3396.280353607307,426821052.40919995,48723.86443027397,23867.31970761667,8760,0.9348374722339073,0.5638808700041905,0.0,0,0.0,0.9887215514325577,0.06991558816833332,,,,,,,,,,,,,,,,,,,,
Millstone 3,ISONE,8760,Millstone_3_ISONE_21_hourly_results,1134.3785085958905,9.052152344989556,1133.8161,1296.1229,162.30680000000007,0.007979834135075529,162.30680000000007,162.30680000000007,0.8074772005936754,65,10.503200000000106,10.503200000000106,0.0077992644341379445,0.9974013890981734,8760,0,0.008904109589041096,,,,,,,,,,,,,,,,,,,,,0,0.0,397330069.61810005,45357.31388334475,1.1083381053909431,119402906.09909996,13630.468732773968,0.01068556589272472,124329014.47189996,14192.809871221456,0.04254676411101063,243731920.57099998,27823.27860399543,0.022322348910007672,538508.6253,61.47358736301369,8.020573083078256,641600498.8527,73242.06607907535,0.6843071974830868,0.0008393207708892881,23410649.398399998,2672.4485614611867,12057385.912099998,1376.4139169063926,0.0,0.0,1243289.8313000002,141.92806293379,3267.9719999999998,0.3730561643835616,812440.0682000002,92.74430002283107,0.0,0.0,37527033.18230002,4283.907897522833,604073465.6393,68958.15817800228,50148.76820933852,8760,0.9415102804930712,0.6096275565466802,0.0,0,0.0,0.9999935512631727,0.06261242664565222,,,,,,,,,,,,,,,,,,,,
TalenEnergy Susquehanna 2,PJM,8760,TalenEnergy Susquehanna_2_PJM_20_hourly_results,1060.100474497717,29.586277444741675,1051.472,1167.6211,116.14910000000009,0.02790893708330794,116.14910000000009,116.14290000000005,12.268463568900563,974,6.693200000000161,6.693200000000161,0.005309800926890883,0.9598307332762556,8760,0,0.13219178082191782,1.0,34.975723116438346,162.1644,306387.3344999999,1.0450804206453288,8760.0,8760.0,1.0,9.13939962328767,53.186499999999995,1.0,34.975723116438346,162.1644,306387.3344999999,1.0450804206453288,8760.0,8760.0,1.0,2.5801535502283106,17.722499999999997,2,0.4,293393780.53330004,33492.44070014841,0.8103127138882043,114806158.37390004,13105.72584176941,0.010685565892726687,119555633.11280005,13647.903323379001,0.14633054051619454,234361791.50070003,26753.629166746578,0.07481503484058338,19896155.626100004,2271.250642248859,3.947476008612068,547651727.8212,62517.32052753425,0.4998559332903614,0.0363299422157503,21976058.694699995,2508.6824993949767,11603201.767199999,1324.5664117808217,0.0,0.0,1195556.0638000001,136.479002716895,50027.365,5.710886415525114,781205.8290999999,89.17874761415524,0.0,0.0,35606049.74090001,4064.6175503310515,512045677.7518,58452.702939703195,31376.408548911742,8760,0.9349841363396102,0.5671616860823009,0.0,0,0.0,0.9886453517325448,0.049737496179197205,,,,,,,,,,,,,,,,,,,,
Comanche Peak 2,ERCOT,8760,Comanche Peak_2_ERCOT_28_hourly_results,1002.1862572488583,15.592383213116129,999.8635,1116.428,116.56450000000007,0.01555836861694692,116.4962999999999,116.56450000000007,2.92035567987213,260,7.032999999999902,7.032999999999902,0.005815914120622623,0.9892177082191782,8760,0,0.03778538812785388,,,,,,,,,,,,,,,,,,,,,1,0.2,234799386.2028,26803.582899863013,3.0759301423555665,118405279.64840004,13516.584434748864,0.010685565892721903,123288237.76790005,14073.999745194069,0.07456899587229494,241693517.42370006,27590.58418078768,0.03838802975272276,10324912.6614,1178.6429978767123,6.061142159459104,486817816.71479994,55572.810127260265,1.582965922855342,0.021208986826069278,21065617.745799996,2404.750884223744,11958455.0344,1365.120437716895,0.0,0.0,1232882.0940000003,140.73996506849318,11874.111,1.3554921232876713,805645.0303999999,91.9686107762557,0.0,0.0,35074474.872799985,4003.9354877625556,451743342.0346,51568.87466148402,88019.08172999296,8760,0.9279515385922119,0.6212025554328656,0.0,0,0.0,0.9968748176054996,0.052204217378998045,0.685958904109589,299.2452418372441,325.5296,1798164.6581999997,0.0482558155637014,4.56958174904943,53.0,0.0017123287671232876,21.947066666666665,52.772,,,,,,,,,,
Comanche Peak 1,ERCOT,8760,Comanche Peak_1_ERCOT_25_hourly_results,1002.1862572488583,15.592383213116129,999.8635,1116.428,116.56450000000007,0.01555836861694692,116.4962999999999,116.56450000000007,2.92035567987213,260,7.032999999999902,7.032999999999902,0.005815914120622623,0.9892177082191782,8760,0,0.03778538812785388,,,,,,,,,,,,,,,,,,,,,1,0.2,234799386.2028,26803.582899863013,3.0759301423555665,118405279.64840004,13516.584434748864,0.010685565892721903,123288237.76790005,14073.999745194069,0.07456899587229494,241693517.42370006,27590.58418078768,0.03838802975272276,10324912.6614,1178.6429978767123,6.061142159459104,486817816.71479994,55572.810127260265,1.582965922855342,0.021208986826069278,21065617.745799996,2404.750884223744,11958455.0344,1365.120437716895,0.0,0.0,1232882.0940000003,140.73996506849318,11874.111,1.3554921232876713,805645.0303999999,91.9686107762557,0.0,0.0,35074474.872799985,4003.9354877625556,451743342.0346,51568.87466148402,88019.08172999296,8760,0.9279515385922119,0.6212025554328656,0.0,0,0.0,0.9968748176054996,0.052204217378998045,0.685958904109589,299.2452418372441,325.5296,1798164.6581999997,0.0482558155637014,4.56958174904943,53.0,0.0017123287671232876,21.947066666666665,52.772,,,,,,,,,,
PSEG Hope Creek Generating Station 1,PJM,8760,PSEG Hope Creek Generating Station_1_PJM_21_hourly_results,1084.3638254452055,29.54589634774753,1075.776,1192.1432,116.36719999999991,0.027247216897536137,116.36719999999991,116.36099999999988,12.129230482931836,967,6.911200000000008,6.911200000000008,0.005378119244184067,0.960094930650685,8760,0,0.13162100456621004,1.0,35.66495897260274,162.5606,312425.0406,1.0183701379578673,8760.0,8760.0,1.0,9.319033687214613,53.3041,1.0,35.66495897260274,162.5606,312425.0406,1.0183701379578673,8760.0,8760.0,1.0,2.6309862671232875,17.7625,2,0.4,300032601.58210003,34250.29698425799,0.8092029097425836,114838711.19739997,13109.441917511413,0.01068556589272205,119589222.04660006,13651.737676552519,0.14581490801615135,234427933.22660002,26761.179592077628,0.07455260172858062,20047397.6411,2288.515712454338,3.9241877845360844,554507932.2348,63299.992264246575,0.5026765154032377,0.03615349118686937,22402090.350500003,2557.316250057078,11606395.5916,1324.9310036073061,0.0,0.0,1195891.9532000003,136.5173462557078,49366.9178,5.6354928995433795,781426.3927,89.20392610730593,0.0,0.0,36035171.22669999,4113.604021312784,518472760.7173,59186.388209737444,31945.742630438257,8760,0.9350141460154238,0.5634121593928537,0.0,0,0.0,0.9887211691283521,0.048805881709512715,,,,,,,,,,,,,,,,,,,,
Seabrook 1,ISONE,8760,Seabrook_1_ISONE_25_hourly_results,1027.2559000228312,8.936022729667307,1026.7086,1188.3367,161.62810000000013,0.008698925680999935,161.62810000000013,161.62810000000013,0.802151889485102,65,9.824599999999919,9.824599999999919,0.00793006791723878,0.9974605380707763,8760,0,0.008904109589041096,,,,,,,,,,,,,,,,,,,,,0,0.0,359912932.7081,41085.95122238585,1.116380124460468,119410209.35330003,13631.302437591328,0.010685565892722659,124336552.19809997,14193.670342248855,0.04216828650857116,243746762.4248,27824.97287954338,0.022134758296788196,539277.7892,61.56139146118721,8.124192636711996,604198972.697,68972.48546769407,0.662872619107302,0.0008925499935771037,21534071.0656,2458.2272905936074,12058100.9505,1376.4955422945206,0.0,0.0,1243365.2176000003,141.93666867579913,3260.0512,0.37215196347031965,812488.8518000003,92.74986892694068,0.0,0.0,35651287.00410001,4069.781621472604,568547686.0991001,64902.70389259134,45748.30296701952,8760,0.9409941290718169,0.6170909479675367,0.0,0,0.0,0.9999935516455775,0.06800602051590265,,,,,,,,,,,,,,,,,,,,
South Texas Project 2,ERCOT,8760,South Texas Project_2_ERCOT_24_hourly_results,1140.9190562671233,15.634445501916991,1138.59,1255.4705,116.88049999999998,0.013703378356278852,116.8121000000001,116.88049999999998,2.928154446854667,260,7.348899999999958,7.348899999999958,0.005450450363588299,0.9892177127853882,8760,0,0.03778538812785388,,,,,,,,,,,,,,,,,,,,,1,0.2,266674761.1968,30442.324337534246,3.047514855940881,118405279.64840004,13516.584434748864,0.010685565892721903,123288237.76790005,14073.999745194069,0.07456793620192878,241693517.42370006,27590.58418078768,0.03838749414540437,10439096.1401,1191.677641563927,6.017627910579934,518807375.18840003,59224.58620872146,1.6599543761849573,0.020121333349027933,23496215.5484,2682.2163868036528,11958455.0898,1365.1204440410959,0.0,0.0,1232882.0940000003,140.73996506849318,11873.6184,1.355435890410959,805645.0303999999,91.9686107762557,0.0,0.0,37505072.23780001,4281.400940388129,481302303.0803,54943.18528313927,98359.31269318088,8760,0.9277090613939704,0.6212135369969661,0.0,0,0.0,0.9968748094776458,0.04654848520932989,0.6860730593607306,299.20065737104824,326.6766,1798195.9508,0.04995438913091774,4.5738203957382035,53.0,0.0017123287671232876,21.96552,52.772,,,,,,,,,,
River Bend 1,MISO,8760,River Bend_1_MISO_21_hourly_results,822.3399593607304,12.567503086694614,820.8108,937.3702,116.55939999999998,0.015282612675740973,116.17190000000005,116.53960000000006,2.450230665601097,227,7.008200000000102,7.006999999999948,0.0068028181578421365,0.9929000441780821,8760,0,0.02910958904109589,1.0,27.260535821917806,162.707,238802.29379999998,0.5627238986191121,8760.0,8760.0,1.0,7.126618264840182,52.0734,1.0,27.260535821917806,162.707,238802.29379999998,0.5627238986191121,8760.0,8760.0,1.0,2.024411015981735,16.732,2,0.2857142857142857,196683981.0466,22452.50925189498,0.9854077068290847,118847630.17000002,13567.081069634705,0.01068556589272252,123755925.20570004,14127.388722111877,0.05989144888046761,242603555.3687001,27694.4697909475,0.03099008026587802,6959901.3871,794.5092907648402,1.8566962077652884,446247437.4484,50941.48829319635,0.44968734198475574,0.01559650723575254,17927769.406500004,2046.54901900685,12002970.0578,1370.202061392694,0.0,0.0,1237558.9678,141.27385477168949,9964.7357,1.137526906392694,808678.1360999999,92.31485571917807,0.0,0.0,31986942.16230001,3651.4774157876723,414260495.5893,47290.010912020545,22965.837548235184,8760,0.9283201668518293,0.6542368191893756,0.0,0,0.0,0.9979134489092637,0.06217362147847243,,,,,,,,,,,,,,,,,,,,
Donald C Cook 2,MISO,8760,Donald C Cook_2_MISO_13_hourly_results,920.0600934018265,12.594376703583677,918.5275,1034.9123,116.38479999999993,0.013688645767709888,115.99789999999996,116.36509999999987,2.4533675533736714,229,6.833699999999908,6.832499999999982,0.006059679557100718,0.99287340793379,8760,0,0.02899543378995434,1.0,26.63398421232877,162.3746,233313.70170000003,0.5777819592391942,8760.0,8760.0,1.0,6.9638488013698625,51.9813,1.0,26.63398421232877,162.3746,233313.70170000003,0.5777819592391942,8760.0,8760.0,1.0,1.978149908675799,16.702,2,0.2857142857142857,219846813.2751,25096.66818208904,0.9757004320982913,118844374.44969994,13566.709412066202,0.010685565892722227,123752565.51780005,14127.005196095895,0.060109720259466995,242596939.9688,27693.714608310504,0.031099832270272573,6856956.8184,782.7576276712329,1.8805238112664646,469300710.16139996,53573.14042938356,0.471569892640081,0.01461100882639147,19639731.701900005,2241.9785047831056,12002648.0547,1370.1653030479451,0.0,0.0,1237525.3708000001,141.2700194977169,9992.4878,1.1406949543378997,808656.4203000001,92.31237674657535,0.0,0.0,33698554.0424,3846.866899817352,435602155.74849993,49726.27348727168,25321.56928908439,8760,0.928194111614895,0.6533614164501114,0.0,0,0.0,0.9979123453037267,0.056229305613625394,,,,,,,,,,,,,,,,,,,,
Byron Generating Station 1,MISO,8760,Byron Generating Station_1_MISO_20_hourly_results,1011.3054370547944,12.575352859156803,1009.776,1126.3545,116.57849999999996,0.012434772323364308,116.19100000000014,116.55880000000013,2.4317850667884477,226,7.027399999999943,7.026200000000017,0.0057640612902936945,0.9928999157534247,8760,0,0.02910958904109589,1.0,27.32922964611872,162.7418,239404.05169999998,0.5612113247124455,8760.0,8760.0,1.0,7.144897739726027,52.0835,1.0,27.32922964611872,162.7418,239404.05169999998,0.5612113247124455,8760.0,8760.0,1.0,2.029590696347032,16.735300000000002,2,0.2857142857142857,241473464.73209998,27565.464010513697,0.9684008364583869,118847630.17000002,13567.081069634705,0.01068556589272252,123755925.20780005,14127.388722351603,0.05991790470871964,242603555.37100005,27694.469791210053,0.031003384913074947,6971962.4358,795.8861228082192,1.8546231173949415,491048982.1777,56055.81988329908,0.4901550147279203,0.014198099759581617,21238444.988300003,2424.4800214954344,12002968.504900001,1370.2018841210047,0.0,0.0,1237558.968,141.27385479452056,9888.1047,1.1287790753424658,808678.1361999998,92.31485573059359,0.0,0.0,35297539.55979999,4029.399493127853,455751442.93750006,52026.420426655255,27533.89427525708,8760,0.9281180889864333,0.6546722415524054,0.0,0,0.0,0.9979123114467571,0.05175035923414874,,,,,,,,,,,,,,,,,,,,
